{"proxies":{"huawei.iap.HuaweiIapModule":{"superPackageName":"org.appcelerator.kroll","dynamicProperties":{"apiKey":{"set":true,"nativeConverter":"org.appcelerator.kroll.KrollConverter","getMethodName":"getApiKey","setMethodName":"setApiKey","setMethodArgs":[{"converter":"org.appcelerator.kroll.KrollConverter","defaultValueProvider":"org.appcelerator.kroll.KrollConverter","name":"value","sourceName":"value","type":"java.lang.String"}],"setDefaultProviders":["org.appcelerator.kroll.KrollConverter"],"converter":"org.appcelerator.kroll.KrollConverter","defaultValueProvider":"org.appcelerator.kroll.KrollConverter","retain":true,"javascriptConverter":"org.appcelerator.kroll.KrollConverter","getHasInvocation":false,"runOnUiThread":false,"getMethodArgs":[],"getReturnType":"java.lang.String","setReturnType":"void","get":true,"name":"apiKey","setHasInvocation":false,"getDefaultProviders":[]}},"methods":{"getItemList":{"runOnUiThread":false,"hasInvocation":false,"args":[{"converter":"org.appcelerator.kroll.KrollConverter","defaultValueProvider":"org.appcelerator.kroll.KrollConverter","name":"params","optional":false,"sourceName":"params","type":"org.appcelerator.kroll.KrollDict"}],"apiName":"getItemList","converter":"org.appcelerator.kroll.KrollConverter","defaultValueProvider":"org.appcelerator.kroll.KrollConverter","name":"__default_name__","returnType":"void"},"purchaseItem":{"runOnUiThread":false,"hasInvocation":false,"args":[{"converter":"org.appcelerator.kroll.KrollConverter","defaultValueProvider":"org.appcelerator.kroll.KrollConverter","name":"params","optional":false,"sourceName":"params","type":"org.appcelerator.kroll.KrollDict"}],"apiName":"purchaseItem","converter":"org.appcelerator.kroll.KrollConverter","defaultValueProvider":"org.appcelerator.kroll.KrollConverter","name":"__default_name__","returnType":"void"}},"superProxyClassName":"KrollModule","isModule":true,"genClassName":"HuaweiIapModuleBindingGen","superProxyBindingClassName":"org.appcelerator.kroll.KrollModuleBindingGen","proxyClassName":"HuaweiIapModule","proxyAttrs":{"propertyAccessors":[],"fullAPIName":"HuaweiIap","name":"HuaweiIap","proxyClassName":"huawei.iap.HuaweiIapModule","isTopLevel":false,"id":"huawei.iap"},"packageName":"huawei.iap","sourceName":"huawei.iap.HuaweiIapModuleBindingGen","constants":{"PRICE_TYPE_SUBSCRIPTION":{"proxyName":"PRICE_TYPE_SUBSCRIPTION","name":"PRICE_TYPE_SUBSCRIPTION","type":"int","value":2},"PRICE_TYPE_NON_CONSUMABLE":{"proxyName":"PRICE_TYPE_NON_CONSUMABLE","name":"PRICE_TYPE_NON_CONSUMABLE","type":"int","value":1},"CODE_PAYMENT_SUCCESS":{"proxyName":"CODE_PAYMENT_SUCCESS","name":"CODE_PAYMENT_SUCCESS","type":"int","value":0},"CODE_PAYMENT_SUCCESS_SIGNATURE_FAILED":{"proxyName":"CODE_PAYMENT_SUCCESS_SIGNATURE_FAILED","name":"CODE_PAYMENT_SUCCESS_SIGNATURE_FAILED","type":"int","value":1},"CODE_OWNED_PRODUCT":{"proxyName":"CODE_OWNED_PRODUCT","name":"CODE_OWNED_PRODUCT","type":"int","value":2},"PRICE_TYPE_CONSUMABLE":{"proxyName":"PRICE_TYPE_CONSUMABLE","name":"PRICE_TYPE_CONSUMABLE","type":"int","value":0}},"isTitaniumSdk":false,"onAppCreate":"onAppCreate"}},"modules":{"huawei.iap.HuaweiIapModule":{"apiName":"HuaweiIap"}}}