{"proxies":{"huawei.iap.ExampleProxy":{"superPackageName":"org.appcelerator.titanium.proxy","methods":{"printMessage":{"runOnUiThread":false,"hasInvocation":false,"args":[{"converter":"org.appcelerator.kroll.KrollConverter","defaultValueProvider":"org.appcelerator.kroll.KrollConverter","name":"message","sourceName":"message","type":"java.lang.String"}],"apiName":"printMessage","converter":"org.appcelerator.kroll.KrollConverter","defaultValueProvider":"org.appcelerator.kroll.KrollConverter","name":"__default_name__","returnType":"void"},"getMessage":{"runOnUiThread":false,"hasInvocation":false,"args":[],"apiName":"getMessage","converter":"org.appcelerator.kroll.KrollConverter","defaultValueProvider":"org.appcelerator.kroll.KrollConverter","name":"__default_name__","returnType":"java.lang.String"},"setMessage":{"runOnUiThread":false,"hasInvocation":false,"args":[{"converter":"org.appcelerator.kroll.KrollConverter","defaultValueProvider":"org.appcelerator.kroll.KrollConverter","name":"message","sourceName":"message","type":"java.lang.String"}],"apiName":"setMessage","converter":"org.appcelerator.kroll.KrollConverter","defaultValueProvider":"org.appcelerator.kroll.KrollConverter","name":"__default_name__","returnType":"void"}},"dynamicProperties":{"message":{"set":true,"nativeConverter":"org.appcelerator.kroll.KrollConverter","getMethodName":"getMessage","setMethodName":"setMessage","setMethodArgs":[{"converter":"org.appcelerator.kroll.KrollConverter","defaultValueProvider":"org.appcelerator.kroll.KrollConverter","name":"message","sourceName":"message","type":"java.lang.String"}],"setDefaultProviders":["org.appcelerator.kroll.KrollConverter"],"converter":"org.appcelerator.kroll.KrollConverter","defaultValueProvider":"org.appcelerator.kroll.KrollConverter","retain":true,"javascriptConverter":"org.appcelerator.kroll.KrollConverter","getHasInvocation":false,"runOnUiThread":false,"getMethodArgs":[],"getReturnType":"java.lang.String","setReturnType":"void","get":true,"name":"message","setHasInvocation":false,"getDefaultProviders":[]}},"superProxyBindingClassName":"org.appcelerator.titanium.proxy.TiViewProxyBindingGen","proxyClassName":"ExampleProxy","proxyAttrs":{"propertyAccessors":[],"fullAPIName":"HuaweiIap.Example","name":"Example","proxyClassName":"huawei.iap.ExampleProxy","isTopLevel":false,"id":"huawei.iap.ExampleProxy","creatableInModule":"huawei.iap.HuaweiIapModule","parentModule":"org.appcelerator.kroll.annotations.Kroll.DEFAULT"},"packageName":"huawei.iap","sourceName":"huawei.iap.ExampleProxyBindingGen","superProxyClassName":"TiViewProxy","isModule":false,"genClassName":"ExampleProxyBindingGen"},"huawei.iap.HuaweiIapModule":{"superPackageName":"org.appcelerator.kroll","methods":{"getExampleProp":{"runOnUiThread":false,"hasInvocation":false,"args":[],"apiName":"getExampleProp","converter":"org.appcelerator.kroll.KrollConverter","defaultValueProvider":"org.appcelerator.kroll.KrollConverter","name":"__default_name__","returnType":"java.lang.String"},"setExampleProp":{"runOnUiThread":false,"hasInvocation":false,"args":[{"converter":"org.appcelerator.kroll.KrollConverter","defaultValueProvider":"org.appcelerator.kroll.KrollConverter","name":"value","sourceName":"value","type":"java.lang.String"}],"apiName":"setExampleProp","converter":"org.appcelerator.kroll.KrollConverter","defaultValueProvider":"org.appcelerator.kroll.KrollConverter","name":"__default_name__","returnType":"void"},"example":{"runOnUiThread":false,"hasInvocation":false,"args":[],"apiName":"example","converter":"org.appcelerator.kroll.KrollConverter","defaultValueProvider":"org.appcelerator.kroll.KrollConverter","name":"__default_name__","returnType":"java.lang.String"}},"dynamicProperties":{"exampleProp":{"set":true,"nativeConverter":"org.appcelerator.kroll.KrollConverter","getMethodName":"getExampleProp","setMethodName":"setExampleProp","setMethodArgs":[{"converter":"org.appcelerator.kroll.KrollConverter","defaultValueProvider":"org.appcelerator.kroll.KrollConverter","name":"value","sourceName":"value","type":"java.lang.String"}],"setDefaultProviders":["org.appcelerator.kroll.KrollConverter"],"converter":"org.appcelerator.kroll.KrollConverter","defaultValueProvider":"org.appcelerator.kroll.KrollConverter","retain":true,"javascriptConverter":"org.appcelerator.kroll.KrollConverter","getHasInvocation":false,"runOnUiThread":false,"getMethodArgs":[],"getReturnType":"java.lang.String","setReturnType":"void","get":true,"name":"exampleProp","setHasInvocation":false,"getDefaultProviders":[]}},"superProxyBindingClassName":"org.appcelerator.kroll.KrollModuleBindingGen","proxyClassName":"HuaweiIapModule","proxyAttrs":{"propertyAccessors":[],"fullAPIName":"HuaweiIap","name":"HuaweiIap","proxyClassName":"huawei.iap.HuaweiIapModule","isTopLevel":false,"id":"huawei.iap"},"packageName":"huawei.iap","sourceName":"huawei.iap.HuaweiIapModuleBindingGen","superProxyClassName":"KrollModule","isModule":true,"genClassName":"HuaweiIapModuleBindingGen","onAppCreate":"onAppCreate"}},"modules":{"huawei.iap.HuaweiIapModule":{"apiName":"HuaweiIap","createProxies":[{"propertyAccessors":[],"fullAPIName":"HuaweiIap.Example","name":"Example","proxyClassName":"huawei.iap.ExampleProxy","isTopLevel":false,"id":"huawei.iap.ExampleProxy","creatableInModule":"huawei.iap.HuaweiIapModule","parentModule":"org.appcelerator.kroll.annotations.Kroll.DEFAULT"}]}}}